"Country","Year","Qty","Group"
"Angola","1990",3.0207,"Other Producers"
"Angola","1991",4.75986,"Other Producers"
"Angola","1992",4.6512,"Other Producers"
"Angola","1993",1.95648,"Other Producers"
"Angola","1994",4.60812,"Other Producers"
"Angola","1995",3.72654,"Other Producers"
"Angola","1996",4.2555,"Other Producers"
"Angola","1997",3.8598,"Other Producers"
"Angola","1998",5.12064,"Other Producers"
"Angola","1999",3.29634,"Other Producers"
"Angola","2000",2.9871,"Other Producers"
"Angola","2001",1.2414,"Other Producers"
"Angola","2002",3.3984,"Other Producers"
"Angola","2003",2.28078,"Other Producers"
"Angola","2004",0.8862,"Other Producers"
"Angola","2005",1.4979,"Other Producers"
"Angola","2006",2.1057,"Other Producers"
"Angola","2007",2.13786,"Other Producers"
"Angola","2008",2.2566,"Other Producers"
"Angola","2009",0.8052,"Other Producers"
"Angola","2010",2.0982,"Other Producers"
"Angola","2011",1.7229,"Other Producers"
"Angola","2012",1.9674,"Other Producers"
"Angola","2013",2.0961,"Other Producers"
"Angola","2014",2.3643,"Other Producers"
"Angola","2015",2.4309,"Other Producers"
"Angola","2016",2.6898,"Other Producers"
"Angola","2017",2.10036,"Other Producers"
"Angola","2018",2.423244,"Other Producers"
"Bolivia (Plurinational State of)","1990",7.36662,"Other Producers"
"Bolivia (Plurinational State of)","1991",6.21216,"Other Producers"
"Bolivia (Plurinational State of)","1992",7.2141,"Other Producers"
"Bolivia (Plurinational State of)","1993",3.04938,"Other Producers"
"Bolivia (Plurinational State of)","1994",7.01664,"Other Producers"
"Bolivia (Plurinational State of)","1995",8.5491,"Other Producers"
"Bolivia (Plurinational State of)","1996",7.47474,"Other Producers"
"Bolivia (Plurinational State of)","1997",8.44314,"Other Producers"
"Bolivia (Plurinational State of)","1998",8.2791,"Other Producers"
"Bolivia (Plurinational State of)","1999",9.46212,"Other Producers"
"Bolivia (Plurinational State of)","2000",8.85624,"Other Producers"
"Bolivia (Plurinational State of)","2001",5.64096,"Other Producers"
"Bolivia (Plurinational State of)","2002",7.60008,"Other Producers"
"Bolivia (Plurinational State of)","2003",6.19938,"Other Producers"
"Bolivia (Plurinational State of)","2004",9.288426,"Other Producers"
"Bolivia (Plurinational State of)","2005",6.598152,"Other Producers"
"Bolivia (Plurinational State of)","2006",8.785782,"Other Producers"
"Bolivia (Plurinational State of)","2007",6.961752,"Other Producers"
"Bolivia (Plurinational State of)","2008",7.225116,"Other Producers"
"Bolivia (Plurinational State of)","2009",7.708506,"Other Producers"
"Bolivia (Plurinational State of)","2010",7.033494,"Other Producers"
"Bolivia (Plurinational State of)","2011",7.910124,"Other Producers"
"Bolivia (Plurinational State of)","2012",6.316872,"Other Producers"
"Bolivia (Plurinational State of)","2013",7.194732,"Other Producers"
"Bolivia (Plurinational State of)","2014",5.992596,"Other Producers"
"Bolivia (Plurinational State of)","2015",5.053146,"Other Producers"
"Bolivia (Plurinational State of)","2016",4.67901,"Other Producers"
"Bolivia (Plurinational State of)","2017",5.028672,"Other Producers"
"Bolivia (Plurinational State of)","2018",4.954122,"Other Producers"
"Brazil","1990",1637.137716,"Top Producers"
"Brazil","1991",1637.609604,"Top Producers"
"Brazil","1992",2076.201252,"Top Producers"
"Brazil","1993",1690.018716,"Top Producers"
"Brazil","1994",1691.52282,"Top Producers"
"Brazil","1995",1083.612132,"Top Producers"
"Brazil","1996",1751.80458,"Top Producers"
"Brazil","1997",1568.88024,"Top Producers"
"Brazil","1998",2205.651198,"Top Producers"
"Brazil","1999",2854.66839,"Top Producers"
"Brazil","2000",1878.62118,"Top Producers"
"Brazil","2001",1881.90573,"Top Producers"
"Brazil","2002",2901.09804,"Top Producers"
"Brazil","2003",1732.404558,"Top Producers"
"Brazil","2004",2356.868742,"Top Producers"
"Brazil","2005",1975.978782,"Top Producers"
"Brazil","2006",2905.904028,"Top Producers"
"Brazil","2007",2334.687426,"Top Producers"
"Brazil","2008",3089.431062,"Top Producers"
"Brazil","2009",2638.60872,"Top Producers"
"Brazil","2010",3325.704612,"Top Producers"
"Brazil","2011",2915.509734,"Top Producers"
"Brazil","2012",3325.080072,"Top Producers"
"Brazil","2013",3281.337984,"Top Producers"
"Brazil","2014",3198.286014,"Top Producers"
"Brazil","2015",3172.235256,"Top Producers"
"Brazil","2016",3407.290704,"Top Producers"
"Brazil","2017",3164.39181,"Top Producers"
"Brazil","2018",3775.493016,"Top Producers"
"Burundi","1990",29.24358,"Other Producers"
"Burundi","1991",40.03194,"Other Producers"
"Burundi","1992",37.21428,"Other Producers"
"Burundi","1993",23.60124,"Other Producers"
"Burundi","1994",39.84858,"Other Producers"
"Burundi","1995",26.0388,"Other Producers"
"Burundi","1996",24.05814,"Other Producers"
"Burundi","1997",14.9871,"Other Producers"
"Burundi","1998",29.51952,"Other Producers"
"Burundi","1999",21.033,"Other Producers"
"Burundi","2000",29.2476,"Other Producers"
"Burundi","2001",8.63892,"Other Producers"
"Burundi","2002",27.22392,"Other Producers"
"Burundi","2003",20.27148,"Other Producers"
"Burundi","2004",26.22216,"Other Producers"
"Burundi","2005",6.1989,"Other Producers"
"Burundi","2006",29.91,"Other Producers"
"Burundi","2007",7.97136,"Other Producers"
"Burundi","2008",24.706932,"Other Producers"
"Burundi","2009",6.69678,"Other Producers"
"Burundi","2010",21.178656,"Other Producers"
"Burundi","2011",12.247968,"Other Producers"
"Burundi","2012",24.35769,"Other Producers"
"Burundi","2013",9.793062,"Other Producers"
"Burundi","2014",14.853,"Other Producers"
"Burundi","2015",16.446102,"Other Producers"
"Burundi","2016",14.927598,"Other Producers"
"Burundi","2017",12.126474,"Other Producers"
"Burundi","2018",10.705236,"Other Producers"
"Ecuador","1990",90.2289,"Other Producers"
"Ecuador","1991",127.42944,"Other Producers"
"Ecuador","1992",71.1288,"Other Producers"
"Ecuador","1993",124.14042,"Other Producers"
"Ecuador","1994",142.54596,"Other Producers"
"Ecuador","1995",113.29398,"Other Producers"
"Ecuador","1996",119.57484,"Other Producers"
"Ecuador","1997",71.43978,"Other Producers"
"Ecuador","1998",72.35808,"Other Producers"
"Ecuador","1999",71.860992,"Other Producers"
"Ecuador","2000",51.22902,"Other Producers"
"Ecuador","2001",47.57082,"Other Producers"
"Ecuador","2002",34.93344,"Other Producers"
"Ecuador","2003",38.4474,"Other Producers"
"Ecuador","2004",46.8261,"Other Producers"
"Ecuador","2005",56.118042,"Other Producers"
"Ecuador","2006",62.071194,"Other Producers"
"Ecuador","2007",57.024168,"Other Producers"
"Ecuador","2008",46.238838,"Other Producers"
"Ecuador","2009",48.797094,"Other Producers"
"Ecuador","2010",51.238788,"Other Producers"
"Ecuador","2011",49.524864,"Other Producers"
"Ecuador","2012",49.686144,"Other Producers"
"Ecuador","2013",39.9327,"Other Producers"
"Ecuador","2014",38.640672,"Other Producers"
"Ecuador","2015",38.669556,"Other Producers"
"Ecuador","2016",38.69307,"Other Producers"
"Ecuador","2017",37.414464,"Other Producers"
"Ecuador","2018",36.060006,"Other Producers"
"Indonesia","1990",446.48298,"Top Producers"
"Indonesia","1991",509.59176,"Top Producers"
"Indonesia","1992",334.16868,"Top Producers"
"Indonesia","1993",404.59728,"Top Producers"
"Indonesia","1994",322.07268,"Top Producers"
"Indonesia","1995",274.40574,"Top Producers"
"Indonesia","1996",493.23504,"Top Producers"
"Indonesia","1997",457.24668,"Top Producers"
"Indonesia","1998",437.7573,"Top Producers"
"Indonesia","1999",393.423972,"Top Producers"
"Indonesia","2000",419.234382,"Top Producers"
"Indonesia","2001",410.00136,"Top Producers"
"Indonesia","2002",403.88256,"Top Producers"
"Indonesia","2003",384.24456,"Top Producers"
"Indonesia","2004",452.18226,"Top Producers"
"Indonesia","2005",549.537564,"Top Producers"
"Indonesia","2006",448.960422,"Top Producers"
"Indonesia","2007",466.593342,"Top Producers"
"Indonesia","2008",576.740796,"Top Producers"
"Indonesia","2009",682.780194,"Top Producers"
"Indonesia","2010",547.710708,"Top Producers"
"Indonesia","2011",413.335398,"Top Producers"
"Indonesia","2012",784.202316,"Top Producers"
"Indonesia","2013",774.056958,"Top Producers"
"Indonesia","2014",656.776638,"Top Producers"
"Indonesia","2015",755.128506,"Top Producers"
"Indonesia","2016",692.461596,"Top Producers"
"Indonesia","2017",651.138918,"Top Producers"
"Indonesia","2018",565.055652,"Top Producers"
"Madagascar","1990",58.94682,"Other Producers"
"Madagascar","1991",55.95078,"Other Producers"
"Madagascar","1992",67.30104,"Other Producers"
"Madagascar","1993",26.51154,"Other Producers"
"Madagascar","1994",38.48232,"Other Producers"
"Madagascar","1995",47.10054,"Other Producers"
"Madagascar","1996",50.94048,"Other Producers"
"Madagascar","1997",37.42824,"Other Producers"
"Madagascar","1998",59.50794,"Other Producers"
"Madagascar","1999",25.63902,"Other Producers"
"Madagascar","2000",21.729708,"Other Producers"
"Madagascar","2001",8.83416,"Other Producers"
"Madagascar","2002",26.7273,"Other Producers"
"Madagascar","2003",26.07948,"Other Producers"
"Madagascar","2004",31.2996,"Other Producers"
"Madagascar","2005",35.94894,"Other Producers"
"Madagascar","2006",35.1906,"Other Producers"
"Madagascar","2007",36.849966,"Other Producers"
"Madagascar","2008",43.661304,"Other Producers"
"Madagascar","2009",27.417678,"Other Producers"
"Madagascar","2010",31.783398,"Other Producers"
"Madagascar","2011",35.091168,"Other Producers"
"Madagascar","2012",29.982564,"Other Producers"
"Madagascar","2013",35.068548,"Other Producers"
"Madagascar","2014",30.087264,"Other Producers"
"Madagascar","2015",25.512366,"Other Producers"
"Madagascar","2016",25.249362,"Other Producers"
"Madagascar","2017",24.527088,"Other Producers"
"Madagascar","2018",23.782584,"Other Producers"
"Malawi","1990",6.27768,"Other Producers"
"Malawi","1991",7.45716,"Other Producers"
"Malawi","1992",8.22966,"Other Producers"
"Malawi","1993",3.72666,"Other Producers"
"Malawi","1994",5.04672,"Other Producers"
"Malawi","1995",5.4741,"Other Producers"
"Malawi","1996",2.919,"Other Producers"
"Malawi","1997",3.6492,"Other Producers"
"Malawi","1998",3.85926,"Other Producers"
"Malawi","1999",3.54,"Other Producers"
"Malawi","2000",3.78828,"Other Producers"
"Malawi","2001",3.6234,"Other Producers"
"Malawi","2002",2.54784,"Other Producers"
"Malawi","2003",2.8893,"Other Producers"
"Malawi","2004",1.2369,"Other Producers"
"Malawi","2005",1.46496,"Other Producers"
"Malawi","2006",0.99978,"Other Producers"
"Malawi","2007",1.12872,"Other Producers"
"Malawi","2008",1.24518,"Other Producers"
"Malawi","2009",1.01532,"Other Producers"
"Malawi","2010",1.01571,"Other Producers"
"Malawi","2011",1.549584,"Other Producers"
"Malawi","2012",1.369572,"Other Producers"
"Malawi","2013",1.667664,"Other Producers"
"Malawi","2014",1.482588,"Other Producers"
"Malawi","2015",1.27209,"Other Producers"
"Malawi","2016",1.17096,"Other Producers"
"Malawi","2017",0.868218,"Other Producers"
"Malawi","2018",0.770958,"Other Producers"
"Papua New Guinea","1990",57.77046,"Other Producers"
"Papua New Guinea","1991",44.80896,"Other Producers"
"Papua New Guinea","1992",54.00666,"Other Producers"
"Papua New Guinea","1993",61.16886,"Other Producers"
"Papua New Guinea","1994",68.31954,"Other Producers"
"Papua New Guinea","1995",60.14178,"Other Producers"
"Papua New Guinea","1996",65.36088,"Other Producers"
"Papua New Guinea","1997",64.44126,"Other Producers"
"Papua New Guinea","1998",81.12894,"Other Producers"
"Papua New Guinea","1999",83.223114,"Other Producers"
"Papua New Guinea","2000",62.444352,"Other Producers"
"Papua New Guinea","2001",63.75558,"Other Producers"
"Papua New Guinea","2002",65.10882,"Other Producers"
"Papua New Guinea","2003",69.29664,"Other Producers"
"Papua New Guinea","2004",59.85084,"Other Producers"
"Papua New Guinea","2005",76.087968,"Other Producers"
"Papua New Guinea","2006",48.433212,"Other Producers"
"Papua New Guinea","2007",58.062678,"Other Producers"
"Papua New Guinea","2008",61.659174,"Other Producers"
"Papua New Guinea","2009",62.279652,"Other Producers"
"Papua New Guinea","2010",51.991104,"Other Producers"
"Papua New Guinea","2011",84.83127,"Other Producers"
"Papua New Guinea","2012",42.98928,"Other Producers"
"Papua New Guinea","2013",50.121564,"Other Producers"
"Papua New Guinea","2014",47.853852,"Other Producers"
"Papua New Guinea","2015",42.718908,"Other Producers"
"Papua New Guinea","2016",70.268694,"Other Producers"
"Papua New Guinea","2017",44.036292,"Other Producers"
"Papua New Guinea","2018",55.82214,"Other Producers"
"Paraguay","1990",7.83762,"Other Producers"
"Paraguay","1991",4.77918,"Other Producers"
"Paraguay","1992",3.25746,"Other Producers"
"Paraguay","1993",4.20276,"Other Producers"
"Paraguay","1994",1.48134,"Other Producers"
"Paraguay","1995",1.37058,"Other Producers"
"Paraguay","1996",1.53378,"Other Producers"
"Paraguay","1997",1.40274,"Other Producers"
"Paraguay","1998",3.50082,"Other Producers"
"Paraguay","1999",1.21446,"Other Producers"
"Paraguay","2000",2.54412,"Other Producers"
"Paraguay","2001",1.176,"Other Producers"
"Paraguay","2002",1.56291,"Other Producers"
"Paraguay","2003",3.103566,"Other Producers"
"Paraguay","2004",1.574334,"Other Producers"
"Paraguay","2005",2.714214,"Other Producers"
"Paraguay","2006",1.544832,"Other Producers"
"Paraguay","2007",2.318034,"Other Producers"
"Paraguay","2008",1.200924,"Other Producers"
"Paraguay","2009",1.201002,"Other Producers"
"Paraguay","2010",1.21179,"Other Producers"
"Paraguay","2011",1.20117,"Other Producers"
"Paraguay","2012",1.20039,"Other Producers"
"Paraguay","2013",1.200414,"Other Producers"
"Paraguay","2014",1.20435,"Other Producers"
"Paraguay","2015",1.2,"Other Producers"
"Paraguay","2016",1.200606,"Other Producers"
"Paraguay","2017",1.200144,"Other Producers"
"Paraguay","2018",1.20081,"Other Producers"
"Peru","1990",56.19792,"Other Producers"
"Peru","1991",72.02844,"Other Producers"
"Peru","1992",105.71718,"Other Producers"
"Peru","1993",39.92982,"Other Producers"
"Peru","1994",70.71768,"Other Producers"
"Peru","1995",112.25634,"Other Producers"
"Peru","1996",108.35166,"Other Producers"
"Peru","1997",115.79754,"Other Producers"
"Peru","1998",126.13788,"Other Producers"
"Peru","1999",164.61198,"Other Producers"
"Peru","2000",160.53558,"Other Producers"
"Peru","2001",169.73676,"Other Producers"
"Peru","2002",180.0192,"Other Producers"
"Peru","2003",161.15916,"Other Producers"
"Peru","2004",205.509354,"Other Producers"
"Peru","2005",149.330094,"Other Producers"
"Peru","2006",259.143516,"Other Producers"
"Peru","2007",183.775842,"Other Producers"
"Peru","2008",232.33572,"Other Producers"
"Peru","2009",197.165202,"Other Producers"
"Peru","2010",244.12938,"Other Producers"
"Peru","2011",322.351776,"Other Producers"
"Peru","2012",267.002868,"Other Producers"
"Peru","2013",246.374298,"Other Producers"
"Peru","2014",172.99374,"Other Producers"
"Peru","2015",198.213252,"Other Producers"
"Peru","2016",253.372704,"Other Producers"
"Peru","2017",256.744992,"Other Producers"
"Peru","2018",255.800346,"Other Producers"
"Rwanda","1990",32.0925,"Other Producers"
"Rwanda","1991",29.0298,"Other Producers"
"Rwanda","1992",38.3325,"Other Producers"
"Rwanda","1993",26.6175,"Other Producers"
"Rwanda","1994",1.34694,"Other Producers"
"Rwanda","1995",19.74468,"Other Producers"
"Rwanda","1996",17.58018,"Other Producers"
"Rwanda","1997",11.60532,"Other Producers"
"Rwanda","1998",13.35822,"Other Producers"
"Rwanda","1999",18.4365,"Other Producers"
"Rwanda","2000",16.40178,"Other Producers"
"Rwanda","2001",17.7306,"Other Producers"
"Rwanda","2002",19.1808,"Other Producers"
"Rwanda","2003",15.94452,"Other Producers"
"Rwanda","2004",26.98398,"Other Producers"
"Rwanda","2005",20.220642,"Other Producers"
"Rwanda","2006",21.06078,"Other Producers"
"Rwanda","2007",13.442676,"Other Producers"
"Rwanda","2008",22.123692,"Other Producers"
"Rwanda","2009",15.536466,"Other Producers"
"Rwanda","2010",19.375146,"Other Producers"
"Rwanda","2011",15.06426,"Other Producers"
"Rwanda","2012",15.513546,"Other Producers"
"Rwanda","2013",15.463692,"Other Producers"
"Rwanda","2014",14.300628,"Other Producers"
"Rwanda","2015",17.557752,"Other Producers"
"Rwanda","2016",13.86543,"Other Producers"
"Rwanda","2017",15.224304,"Other Producers"
"Rwanda","2018",16.079694,"Other Producers"
"Timor-Leste","1990",0,"Other Producers"
"Timor-Leste","1991",0,"Other Producers"
"Timor-Leste","1992",0,"Other Producers"
"Timor-Leste","1993",0,"Other Producers"
"Timor-Leste","1994",0,"Other Producers"
"Timor-Leste","1995",0,"Other Producers"
"Timor-Leste","1996",0,"Other Producers"
"Timor-Leste","1997",0,"Other Producers"
"Timor-Leste","1998",0,"Other Producers"
"Timor-Leste","1999",0,"Other Producers"
"Timor-Leste","2000",0.427674,"Other Producers"
"Timor-Leste","2001",1.971234,"Other Producers"
"Timor-Leste","2002",2.208558,"Other Producers"
"Timor-Leste","2003",2.509398,"Other Producers"
"Timor-Leste","2004",0.995592,"Other Producers"
"Timor-Leste","2005",1.411368,"Other Producers"
"Timor-Leste","2006",2.772462,"Other Producers"
"Timor-Leste","2007",2.178192,"Other Producers"
"Timor-Leste","2008",2.861508,"Other Producers"
"Timor-Leste","2009",2.814756,"Other Producers"
"Timor-Leste","2010",3.606102,"Other Producers"
"Timor-Leste","2011",2.841186,"Other Producers"
"Timor-Leste","2012",3.644898,"Other Producers"
"Timor-Leste","2013",4.813092,"Other Producers"
"Timor-Leste","2014",6.655452,"Other Producers"
"Timor-Leste","2015",3.549528,"Other Producers"
"Timor-Leste","2016",4.921236,"Other Producers"
"Timor-Leste","2017",3.893538,"Other Producers"
"Timor-Leste","2018",8.345796,"Other Producers"
"Zimbabwe","1990",15.11406,"Other Producers"
"Zimbabwe","1991",12.08364,"Other Producers"
"Zimbabwe","1992",4.66944,"Other Producers"
"Zimbabwe","1993",0.696,"Other Producers"
"Zimbabwe","1994",6.37812,"Other Producers"
"Zimbabwe","1995",7.83864,"Other Producers"
"Zimbabwe","1996",10.46358,"Other Producers"
"Zimbabwe","1997",7.81158,"Other Producers"
"Zimbabwe","1998",8.967,"Other Producers"
"Zimbabwe","1999",7.529058,"Other Producers"
"Zimbabwe","2000",6.51138,"Other Producers"
"Zimbabwe","2001",7.26252,"Other Producers"
"Zimbabwe","2002",6.60726,"Other Producers"
"Zimbabwe","2003",5.49894,"Other Producers"
"Zimbabwe","2004",7.218798,"Other Producers"
"Zimbabwe","2005",3.955794,"Other Producers"
"Zimbabwe","2006",2.70894,"Other Producers"
"Zimbabwe","2007",1.874646,"Other Producers"
"Zimbabwe","2008",1.454952,"Other Producers"
"Zimbabwe","2009",1.282098,"Other Producers"
"Zimbabwe","2010",0.605154,"Other Producers"
"Zimbabwe","2011",0.531384,"Other Producers"
"Zimbabwe","2012",0.439248,"Other Producers"
"Zimbabwe","2013",0.51849,"Other Producers"
"Zimbabwe","2014",0.900744,"Other Producers"
"Zimbabwe","2015",0.857016,"Other Producers"
"Zimbabwe","2016",0.907098,"Other Producers"
"Zimbabwe","2017",0.408114,"Other Producers"
"Zimbabwe","2018",0.530328,"Other Producers"
"Congo","1990",0.17544,"Other Producers"
"Congo","1991",0.18018,"Other Producers"
"Congo","1992",0.19026,"Other Producers"
"Congo","1993",0.18,"Other Producers"
"Congo","1994",0.4551,"Other Producers"
"Congo","1995",0.7053,"Other Producers"
"Congo","1996",0.8316,"Other Producers"
"Congo","1997",0.1962,"Other Producers"
"Congo","1998",0.18,"Other Producers"
"Congo","1999",0.18,"Other Producers"
"Congo","2000",0.18,"Other Producers"
"Congo","2001",0.18,"Other Producers"
"Congo","2002",0.18,"Other Producers"
"Congo","2003",0.18,"Other Producers"
"Congo","2004",0.18,"Other Producers"
"Congo","2005",0.18,"Other Producers"
"Congo","2006",0.18,"Other Producers"
"Congo","2007",0.18,"Other Producers"
"Congo","2008",0.18,"Other Producers"
"Congo","2009",0.18,"Other Producers"
"Congo","2010",0.18,"Other Producers"
"Congo","2011",0.18,"Other Producers"
"Congo","2012",0.18,"Other Producers"
"Congo","2013",0.18,"Other Producers"
"Congo","2014",0.18,"Other Producers"
"Congo","2015",0.18,"Other Producers"
"Congo","2016",0.18,"Other Producers"
"Congo","2017",0.18,"Other Producers"
"Congo","2018",0.18,"Other Producers"
"Cuba","1990",24.85272,"Other Producers"
"Cuba","1991",18.12582,"Other Producers"
"Cuba","1992",17.05422,"Other Producers"
"Cuba","1993",17.12424,"Other Producers"
"Cuba","1994",17.0589,"Other Producers"
"Cuba","1995",17.0973,"Other Producers"
"Cuba","1996",21.9519,"Other Producers"
"Cuba","1997",18.00126,"Other Producers"
"Cuba","1998",16.79718,"Other Producers"
"Cuba","1999",19.679244,"Other Producers"
"Cuba","2000",18.74607,"Other Producers"
"Cuba","2001",17.09844,"Other Producers"
"Cuba","2002",14.3463,"Other Producers"
"Cuba","2003",13.41042,"Other Producers"
"Cuba","2004",10.79904,"Other Producers"
"Cuba","2005",5.974998,"Other Producers"
"Cuba","2006",6.291,"Other Producers"
"Cuba","2007",6.591402,"Other Producers"
"Cuba","2008",8.007138,"Other Producers"
"Cuba","2009",5.52618,"Other Producers"
"Cuba","2010",6.50982,"Other Producers"
"Cuba","2011",6.00948,"Other Producers"
"Cuba","2012",5.28852,"Other Producers"
"Cuba","2013",6.4011,"Other Producers"
"Cuba","2014",6.08526,"Other Producers"
"Cuba","2015",5.989086,"Other Producers"
"Cuba","2016",6.156,"Other Producers"
"Cuba","2017",6.793554,"Other Producers"
"Cuba","2018",7.076874,"Other Producers"
"Dominican Republic","1990",52.80372,"Other Producers"
"Dominican Republic","1991",19.2336,"Other Producers"
"Dominican Republic","1992",38.2689,"Other Producers"
"Dominican Republic","1993",36.23664,"Other Producers"
"Dominican Republic","1994",43.7802,"Other Producers"
"Dominican Republic","1995",53.1375,"Other Producers"
"Dominican Republic","1996",31.13088,"Other Producers"
"Dominican Republic","1997",56.47452,"Other Producers"
"Dominican Republic","1998",29.19552,"Other Producers"
"Dominican Republic","1999",36.41274,"Other Producers"
"Dominican Republic","2000",28.02228,"Other Producers"
"Dominican Republic","2001",23.21748,"Other Producers"
"Dominican Republic","2002",27.31188,"Other Producers"
"Dominican Republic","2003",21.04038,"Other Producers"
"Dominican Republic","2004",29.44074,"Other Producers"
"Dominican Republic","2005",18.602814,"Other Producers"
"Dominican Republic","2006",23.200026,"Other Producers"
"Dominican Republic","2007",27.894504,"Other Producers"
"Dominican Republic","2008",38.70177,"Other Producers"
"Dominican Republic","2009",21.14787,"Other Producers"
"Dominican Republic","2010",22.689372,"Other Producers"
"Dominican Republic","2011",29.43249,"Other Producers"
"Dominican Republic","2012",29.305842,"Other Producers"
"Dominican Republic","2013",25.523616,"Other Producers"
"Dominican Republic","2014",23.817246,"Other Producers"
"Dominican Republic","2015",23.997258,"Other Producers"
"Dominican Republic","2016",24.73251,"Other Producers"
"Dominican Republic","2017",24.745506,"Other Producers"
"Dominican Republic","2018",25.854582,"Other Producers"
"Haiti","1990",23.5728,"Other Producers"
"Haiti","1991",27.80112,"Other Producers"
"Haiti","1992",29.9913,"Other Producers"
"Haiti","1993",27.04182,"Other Producers"
"Haiti","1994",27.01476,"Other Producers"
"Haiti","1995",30.8367,"Other Producers"
"Haiti","1996",25.70322,"Other Producers"
"Haiti","1997",25.90908,"Other Producers"
"Haiti","1998",26.35482,"Other Producers"
"Haiti","1999",23.94162,"Other Producers"
"Haiti","2000",25.191,"Other Producers"
"Haiti","2001",24.1584,"Other Producers"
"Haiti","2002",22.4367,"Other Producers"
"Haiti","2003",22.43052,"Other Producers"
"Haiti","2004",21.91266,"Other Producers"
"Haiti","2005",21.360384,"Other Producers"
"Haiti","2006",21.72672,"Other Producers"
"Haiti","2007",21.564684,"Other Producers"
"Haiti","2008",21.520932,"Other Producers"
"Haiti","2009",21.03501,"Other Producers"
"Haiti","2010",20.971686,"Other Producers"
"Haiti","2011",20.951694,"Other Producers"
"Haiti","2012",20.983914,"Other Producers"
"Haiti","2013",20.712588,"Other Producers"
"Haiti","2014",20.592402,"Other Producers"
"Haiti","2015",20.451882,"Other Producers"
"Haiti","2016",20.494686,"Other Producers"
"Haiti","2017",20.542812,"Other Producers"
"Haiti","2018",20.806794,"Other Producers"
"Philippines","1990",58.41792,"Other Producers"
"Philippines","1991",61.10892,"Other Producers"
"Philippines","1992",55.19106,"Other Producers"
"Philippines","1993",52.4913,"Other Producers"
"Philippines","1994",52.60584,"Other Producers"
"Philippines","1995",50.9754,"Other Producers"
"Philippines","1996",53.38914,"Other Producers"
"Philippines","1997",56.12832,"Other Producers"
"Philippines","1998",40.60374,"Other Producers"
"Philippines","1999",37.305804,"Other Producers"
"Philippines","2000",20.455308,"Other Producers"
"Philippines","2001",15.76092,"Other Producers"
"Philippines","2002",15.3126,"Other Producers"
"Philippines","2003",17.56146,"Other Producers"
"Philippines","2004",21.28878,"Other Producers"
"Philippines","2005",25.940232,"Other Producers"
"Philippines","2006",26.466534,"Other Producers"
"Philippines","2007",26.736678,"Other Producers"
"Philippines","2008",35.210022,"Other Producers"
"Philippines","2009",43.825086,"Other Producers"
"Philippines","2010",11.343198,"Other Producers"
"Philippines","2011",10.779666,"Other Producers"
"Philippines","2012",10.647696,"Other Producers"
"Philippines","2013",11.14092,"Other Producers"
"Philippines","2014",11.592852,"Other Producers"
"Philippines","2015",12.484356,"Other Producers"
"Philippines","2016",12.878502,"Other Producers"
"Philippines","2017",12.199074,"Other Producers"
"Philippines","2018",12.372612,"Other Producers"
"Tanzania","1990",55.90674,"Other Producers"
"Tanzania","1991",47.39862,"Other Producers"
"Tanzania","1992",47.18604,"Other Producers"
"Tanzania","1993",44.0625,"Other Producers"
"Tanzania","1994",40.74144,"Other Producers"
"Tanzania","1995",53.82726,"Other Producers"
"Tanzania","1996",45.8364,"Other Producers"
"Tanzania","1997",37.4268,"Other Producers"
"Tanzania","1998",44.35872,"Other Producers"
"Tanzania","1999",50.533086,"Other Producers"
"Tanzania","2000",48.532284,"Other Producers"
"Tanzania","2001",37.44534,"Other Producers"
"Tanzania","2002",49.41654,"Other Producers"
"Tanzania","2003",36.70404,"Other Producers"
"Tanzania","2004",45.79092,"Other Producers"
"Tanzania","2005",48.264396,"Other Producers"
"Tanzania","2006",49.30842,"Other Producers"
"Tanzania","2007",48.587748,"Other Producers"
"Tanzania","2008",71.176938,"Other Producers"
"Tanzania","2009",40.496058,"Other Producers"
"Tanzania","2010",50.754462,"Other Producers"
"Tanzania","2011",38.462346,"Other Producers"
"Tanzania","2012",69.06729,"Other Producers"
"Tanzania","2013",48.656112,"Other Producers"
"Tanzania","2014",45.16011,"Other Producers"
"Tanzania","2015",55.81032,"Other Producers"
"Tanzania","2016",50.765514,"Other Producers"
"Tanzania","2017",47.004204,"Other Producers"
"Tanzania","2018",70.491558,"Other Producers"
"Zambia","1990",1.36116,"Other Producers"
"Zambia","1991",1.74828,"Other Producers"
"Zambia","1992",1.75842,"Other Producers"
"Zambia","1993",1.59636,"Other Producers"
"Zambia","1994",1.2873,"Other Producers"
"Zambia","1995",1.57998,"Other Producers"
"Zambia","1996",1.9815,"Other Producers"
"Zambia","1997",2.30772,"Other Producers"
"Zambia","1998",3.70116,"Other Producers"
"Zambia","1999",3.5235,"Other Producers"
"Zambia","2000",5.60244,"Other Producers"
"Zambia","2001",5.98032,"Other Producers"
"Zambia","2002",7.13562,"Other Producers"
"Zambia","2003",6.01998,"Other Producers"
"Zambia","2004",6.62262,"Other Producers"
"Zambia","2005",6.17616,"Other Producers"
"Zambia","2006",3.364176,"Other Producers"
"Zambia","2007",3.688422,"Other Producers"
"Zambia","2008",2.081802,"Other Producers"
"Zambia","2009",1.69302,"Other Producers"
"Zambia","2010",0.790698,"Other Producers"
"Zambia","2011",0.671334,"Other Producers"
"Zambia","2012",0.32217,"Other Producers"
"Zambia","2013",0.645162,"Other Producers"
"Zambia","2014",0.156666,"Other Producers"
"Zambia","2015",0.22134,"Other Producers"
"Zambia","2016",0.799086,"Other Producers"
"Zambia","2017",1.116936,"Other Producers"
"Zambia","2018",1.20891,"Other Producers"
"Benin","1990",0,"Other Producers"
"Benin","1991",0,"Other Producers"
"Benin","1992",0.1083,"Other Producers"
"Benin","1993",0.003,"Other Producers"
"Benin","1994",0,"Other Producers"
"Benin","1995",0,"Other Producers"
"Benin","1996",0,"Other Producers"
"Benin","1997",0,"Other Producers"
"Benin","1998",0,"Other Producers"
"Benin","1999",0,"Other Producers"
"Benin","2000",0,"Other Producers"
"Benin","2001",0,"Other Producers"
"Benin","2002",0,"Other Producers"
"Benin","2003",0,"Other Producers"
"Benin","2004",0,"Other Producers"
"Benin","2005",0,"Other Producers"
"Benin","2006",0,"Other Producers"
"Benin","2007",0,"Other Producers"
"Benin","2008",0,"Other Producers"
"Benin","2009",0,"Other Producers"
"Benin","2010",0,"Other Producers"
"Benin","2011",0,"Other Producers"
"Benin","2012",0,"Other Producers"
"Benin","2013",0,"Other Producers"
"Benin","2014",0,"Other Producers"
"Benin","2015",0,"Other Producers"
"Benin","2016",0,"Other Producers"
"Benin","2017",0,"Other Producers"
"Benin","2018",0,"Other Producers"
"Cameroon","1990",100.94904,"Other Producers"
"Cameroon","1991",103.55688,"Other Producers"
"Cameroon","1992",15.62256,"Other Producers"
"Cameroon","1993",40.97478,"Other Producers"
"Cameroon","1994",24.33342,"Other Producers"
"Cameroon","1995",39.6024,"Other Producers"
"Cameroon","1996",85.93134,"Other Producers"
"Cameroon","1997",53.33652,"Other Producers"
"Cameroon","1998",66.8364,"Other Producers"
"Cameroon","1999",82.18944,"Other Producers"
"Cameroon","2000",66.78858,"Other Producers"
"Cameroon","2001",41.14062,"Other Producers"
"Cameroon","2002",48.0477,"Other Producers"
"Cameroon","2003",54.01692,"Other Producers"
"Cameroon","2004",43.64292,"Other Producers"
"Cameroon","2005",52.182942,"Other Producers"
"Cameroon","2006",49.089984,"Other Producers"
"Cameroon","2007",47.718276,"Other Producers"
"Cameroon","2008",43.494024,"Other Producers"
"Cameroon","2009",54.136878,"Other Producers"
"Cameroon","2010",31.628082,"Other Producers"
"Cameroon","2011",40.15947,"Other Producers"
"Cameroon","2012",22.261182,"Other Producers"
"Cameroon","2013",24.229866,"Other Producers"
"Cameroon","2014",28.986306,"Other Producers"
"Cameroon","2015",23.450274,"Other Producers"
"Cameroon","2016",17.512566,"Other Producers"
"Cameroon","2017",22.173174,"Other Producers"
"Cameroon","2018",16.217844,"Other Producers"
"Central African Republic","1990",10.51644,"Other Producers"
"Central African Republic","1991",7.48686,"Other Producers"
"Central African Republic","1992",8.0307,"Other Producers"
"Central African Republic","1993",9.93444,"Other Producers"
"Central African Republic","1994",14.97072,"Other Producers"
"Central African Republic","1995",6.4839,"Other Producers"
"Central African Republic","1996",12.46986,"Other Producers"
"Central African Republic","1997",6.86124,"Other Producers"
"Central African Republic","1998",12.87492,"Other Producers"
"Central African Republic","1999",14.44092,"Other Producers"
"Central African Republic","2000",6.79878,"Other Producers"
"Central African Republic","2001",4.09032,"Other Producers"
"Central African Republic","2002",5.52564,"Other Producers"
"Central African Republic","2003",2.5638,"Other Producers"
"Central African Republic","2004",1.7229,"Other Producers"
"Central African Republic","2005",1.389834,"Other Producers"
"Central African Republic","2006",6.810222,"Other Producers"
"Central African Republic","2007",2.60802,"Other Producers"
"Central African Republic","2008",3.57696,"Other Producers"
"Central African Republic","2009",6.72654,"Other Producers"
"Central African Republic","2010",4.70772,"Other Producers"
"Central African Republic","2011",5.4795,"Other Producers"
"Central African Republic","2012",1.3734,"Other Producers"
"Central African Republic","2013",5.40624,"Other Producers"
"Central African Republic","2014",3.75684,"Other Producers"
"Central African Republic","2015",6.00108,"Other Producers"
"Central African Republic","2016",2.203602,"Other Producers"
"Central African Republic","2017",3.59484,"Other Producers"
"Central African Republic","2018",3.45,"Other Producers"
"Colombia","1990",863.76,"Top Producers"
"Colombia","1991",1078.82382,"Top Producers"
"Colombia","1992",896.81268,"Top Producers"
"Colombia","1993",685.34532,"Top Producers"
"Colombia","1994",777.84,"Top Producers"
"Colombia","1995",776.28108,"Top Producers"
"Colombia","1996",646.731,"Top Producers"
"Colombia","1997",727.34976,"Top Producers"
"Colombia","1998",652.07772,"Top Producers"
"Colombia","1999",570.734754,"Top Producers"
"Colombia","2000",631.16112,"Top Producers"
"Colombia","2001",717.01698,"Top Producers"
"Colombia","2002",702.7224,"Top Producers"
"Colombia","2003",663.15744,"Top Producers"
"Colombia","2004",685.73136,"Top Producers"
"Colombia","2005",717.137982,"Top Producers"
"Colombia","2006",729.851556,"Top Producers"
"Colombia","2007",750.905844,"Top Producers"
"Colombia","2008",519.857418,"Top Producers"
"Colombia","2009",485.855166,"Top Producers"
"Colombia","2010",511.359564,"Top Producers"
"Colombia","2011",459.200016,"Top Producers"
"Colombia","2012",595.61667,"Top Producers"
"Colombia","2013",727.444212,"Top Producers"
"Colombia","2014",800.00061,"Top Producers"
"Colombia","2015",840.526884,"Top Producers"
"Colombia","2016",878.063358,"Top Producers"
"Colombia","2017",829.44435,"Top Producers"
"Colombia","2018",831.47772,"Top Producers"
"Costa Rica","1990",153.7131,"Other Producers"
"Costa Rica","1991",165.57714,"Other Producers"
"Costa Rica","1992",179.87844,"Other Producers"
"Costa Rica","1993",141.52518,"Other Producers"
"Costa Rica","1994",148.91652,"Other Producers"
"Costa Rica","1995",170.61576,"Other Producers"
"Costa Rica","1996",133.3149,"Other Producers"
"Costa Rica","1997",156.996,"Other Producers"
"Costa Rica","1998",146.7072,"Other Producers"
"Costa Rica","1999",149.1198,"Other Producers"
"Costa Rica","2000",145.11216,"Other Producers"
"Costa Rica","2001",134.802,"Other Producers"
"Costa Rica","2002",122.60478,"Other Producers"
"Costa Rica","2003",113.18592,"Other Producers"
"Costa Rica","2004",112.550394,"Other Producers"
"Costa Rica","2005",99.151728,"Other Producers"
"Costa Rica","2006",102.364386,"Other Producers"
"Costa Rica","2007",107.828238,"Other Producers"
"Costa Rica","2008",89.99508,"Other Producers"
"Costa Rica","2009",88.604856,"Other Producers"
"Costa Rica","2010",96.821976,"Other Producers"
"Costa Rica","2011",109.85373,"Other Producers"
"Costa Rica","2012",109.361436,"Other Producers"
"Costa Rica","2013",93.124566,"Other Producers"
"Costa Rica","2014",88.503672,"Other Producers"
"Costa Rica","2015",86.410344,"Other Producers"
"Costa Rica","2016",82.313778,"Other Producers"
"Costa Rica","2017",93.640818,"Other Producers"
"Costa Rica","2018",85.599408,"Other Producers"
"Côte d'Ivoire","1990",176.42178,"Other Producers"
"Côte d'Ivoire","1991",247.7577,"Other Producers"
"Côte d'Ivoire","1992",134.73216,"Other Producers"
"Côte d'Ivoire","1993",137.60442,"Other Producers"
"Côte d'Ivoire","1994",180.38664,"Other Producers"
"Côte d'Ivoire","1995",151.91184,"Other Producers"
"Côte d'Ivoire","1996",291.51552,"Other Producers"
"Côte d'Ivoire","1997",249.84024,"Other Producers"
"Côte d'Ivoire","1998",119.49282,"Other Producers"
"Côte d'Ivoire","1999",379.226328,"Other Producers"
"Côte d'Ivoire","2000",290.73516,"Other Producers"
"Côte d'Ivoire","2001",215.76696,"Other Producers"
"Côte d'Ivoire","2002",180.5784,"Other Producers"
"Côte d'Ivoire","2003",178.87512,"Other Producers"
"Côte d'Ivoire","2004",128.135988,"Other Producers"
"Côte d'Ivoire","2005",125.942682,"Other Producers"
"Côte d'Ivoire","2006",170.876424,"Other Producers"
"Côte d'Ivoire","2007",80.28867,"Other Producers"
"Côte d'Ivoire","2008",151.579578,"Other Producers"
"Côte d'Ivoire","2009",119.321964,"Other Producers"
"Côte d'Ivoire","2010",50.20344,"Other Producers"
"Côte d'Ivoire","2011",132.980514,"Other Producers"
"Côte d'Ivoire","2012",119.630202,"Other Producers"
"Côte d'Ivoire","2013",155.866038,"Other Producers"
"Côte d'Ivoire","2014",103.682598,"Other Producers"
"Côte d'Ivoire","2015",77.34507,"Other Producers"
"Côte d'Ivoire","2016",49.04427,"Other Producers"
"Côte d'Ivoire","2017",88.430922,"Other Producers"
"Côte d'Ivoire","2018",137.66058,"Other Producers"
"Democratic Republic of Congo","1990",94.81776,"Other Producers"
"Democratic Republic of Congo","1991",73.79412,"Other Producers"
"Democratic Republic of Congo","1992",70.80942,"Other Producers"
"Democratic Republic of Congo","1993",58.81566,"Other Producers"
"Democratic Republic of Congo","1994",77.8683,"Other Producers"
"Democratic Republic of Congo","1995",65.8893,"Other Producers"
"Democratic Republic of Congo","1996",47.67462,"Other Producers"
"Democratic Republic of Congo","1997",48.67302,"Other Producers"
"Democratic Republic of Congo","1998",44.28498,"Other Producers"
"Democratic Republic of Congo","1999",28.62924,"Other Producers"
"Democratic Republic of Congo","2000",21.7521,"Other Producers"
"Democratic Republic of Congo","2001",25.39104,"Other Producers"
"Democratic Republic of Congo","2002",20.27238,"Other Producers"
"Democratic Republic of Congo","2003",27.0636,"Other Producers"
"Democratic Republic of Congo","2004",21.58524,"Other Producers"
"Democratic Republic of Congo","2005",20.17188,"Other Producers"
"Democratic Republic of Congo","2006",22.651362,"Other Producers"
"Democratic Republic of Congo","2007",24.955722,"Other Producers"
"Democratic Republic of Congo","2008",25.317498,"Other Producers"
"Democratic Republic of Congo","2009",20.750232,"Other Producers"
"Democratic Republic of Congo","2010",18.30945,"Other Producers"
"Democratic Republic of Congo","2011",21.392292,"Other Producers"
"Democratic Republic of Congo","2012",20.042718,"Other Producers"
"Democratic Republic of Congo","2013",20.82522,"Other Producers"
"Democratic Republic of Congo","2014",20.09226,"Other Producers"
"Democratic Republic of Congo","2015",22.236738,"Other Producers"
"Democratic Republic of Congo","2016",16.763262,"Other Producers"
"Democratic Republic of Congo","2017",22.902078,"Other Producers"
"Democratic Republic of Congo","2018",21.643002,"Other Producers"
"El Salvador","1990",147.89184,"Other Producers"
"El Salvador","1991",131.86152,"Other Producers"
"El Salvador","1992",180.07806,"Other Producers"
"El Salvador","1993",142.70892,"Other Producers"
"El Salvador","1994",137.60808,"Other Producers"
"El Salvador","1995",155.11074,"Other Producers"
"El Salvador","1996",152.01408,"Other Producers"
"El Salvador","1997",130.48854,"Other Producers"
"El Salvador","1998",123.27768,"Other Producers"
"El Salvador","1999",155.888694,"Other Producers"
"El Salvador","2000",102.266988,"Other Producers"
"El Salvador","2001",101.63796,"Other Producers"
"El Salvador","2002",81.68256,"Other Producers"
"El Salvador","2003",82.80582,"Other Producers"
"El Salvador","2004",71.81238,"Other Producers"
"El Salvador","2005",79.11522,"Other Producers"
"El Salvador","2006",74.01966,"Other Producers"
"El Salvador","2007",90.299466,"Other Producers"
"El Salvador","2008",87.013584,"Other Producers"
"El Salvador","2009",64.477782,"Other Producers"
"El Salvador","2010",112.39614,"Other Producers"
"El Salvador","2011",69.825882,"Other Producers"
"El Salvador","2012",74.375112,"Other Producers"
"El Salvador","2013",30.899976,"Other Producers"
"El Salvador","2014",39.89997,"Other Producers"
"El Salvador","2015",33.9,"Other Producers"
"El Salvador","2016",36.599976,"Other Producers"
"El Salvador","2017",45.576744,"Other Producers"
"El Salvador","2018",45.655368,"Other Producers"
"Equatorial Guinea","1990",0.21216,"Other Producers"
"Equatorial Guinea","1991",0.15306,"Other Producers"
"Equatorial Guinea","1992",0.10116,"Other Producers"
"Equatorial Guinea","1993",0,"Other Producers"
"Equatorial Guinea","1994",0.19158,"Other Producers"
"Equatorial Guinea","1995",0.10842,"Other Producers"
"Equatorial Guinea","1996",0.0672,"Other Producers"
"Equatorial Guinea","1997",0.10014,"Other Producers"
"Equatorial Guinea","1998",0.06216,"Other Producers"
"Equatorial Guinea","1999",0.01074,"Other Producers"
"Equatorial Guinea","2000",0,"Other Producers"
"Equatorial Guinea","2001",0,"Other Producers"
"Equatorial Guinea","2002",0,"Other Producers"
"Equatorial Guinea","2003",0,"Other Producers"
"Equatorial Guinea","2004",0,"Other Producers"
"Equatorial Guinea","2005",0,"Other Producers"
"Equatorial Guinea","2006",0,"Other Producers"
"Equatorial Guinea","2007",0,"Other Producers"
"Equatorial Guinea","2008",0,"Other Producers"
"Equatorial Guinea","2009",0,"Other Producers"
"Equatorial Guinea","2010",0,"Other Producers"
"Equatorial Guinea","2011",0,"Other Producers"
"Equatorial Guinea","2012",0,"Other Producers"
"Equatorial Guinea","2013",0,"Other Producers"
"Equatorial Guinea","2014",0,"Other Producers"
"Equatorial Guinea","2015",0,"Other Producers"
"Equatorial Guinea","2016",0,"Other Producers"
"Equatorial Guinea","2017",0.00306,"Other Producers"
"Equatorial Guinea","2018",0.00042,"Other Producers"
"Ethiopia","1990",174.56706,"Top Producers"
"Ethiopia","1991",175.47984,"Top Producers"
"Ethiopia","1992",109.51026,"Top Producers"
"Ethiopia","1993",178.02024,"Top Producers"
"Ethiopia","1994",165.7638,"Top Producers"
"Ethiopia","1995",189.91932,"Top Producers"
"Ethiopia","1996",204.44652,"Top Producers"
"Ethiopia","1997",183.41184,"Top Producers"
"Ethiopia","1998",175.6635,"Top Producers"
"Ethiopia","1999",227.04306,"Top Producers"
"Ethiopia","2000",186.90894,"Top Producers"
"Ethiopia","2001",242.6544,"Top Producers"
"Ethiopia","2002",245.63412,"Top Producers"
"Ethiopia","2003",263.62302,"Top Producers"
"Ethiopia","2004",312.77706,"Top Producers"
"Ethiopia","2005",286.76916,"Top Producers"
"Ethiopia","2006",333.0444,"Top Producers"
"Ethiopia","2007",358.000776,"Top Producers"
"Ethiopia","2008",296.939214,"Top Producers"
"Ethiopia","2009",415.87194,"Top Producers"
"Ethiopia","2010",450.023088,"Top Producers"
"Ethiopia","2011",407.904594,"Top Producers"
"Ethiopia","2012",373.980396,"Top Producers"
"Ethiopia","2013",385.646634,"Top Producers"
"Ethiopia","2014",394.515708,"Top Producers"
"Ethiopia","2015",402.838524,"Top Producers"
"Ethiopia","2016",437.818776,"Top Producers"
"Ethiopia","2017",447.223992,"Top Producers"
"Ethiopia","2018",466.573404,"Top Producers"
"Gabon","1990",0.20448,"Other Producers"
"Gabon","1991",0.10512,"Other Producers"
"Gabon","1992",0.18378,"Other Producers"
"Gabon","1993",0.17304,"Other Producers"
"Gabon","1994",0.46206,"Other Producers"
"Gabon","1995",0.10608,"Other Producers"
"Gabon","1996",0.07674,"Other Producers"
"Gabon","1997",0.16008,"Other Producers"
"Gabon","1998",0.2259,"Other Producers"
"Gabon","1999",0.12342,"Other Producers"
"Gabon","2000",0,"Other Producers"
"Gabon","2001",0.04932,"Other Producers"
"Gabon","2002",0.075,"Other Producers"
"Gabon","2003",0.018,"Other Producers"
"Gabon","2004",0.018,"Other Producers"
"Gabon","2005",0.04146,"Other Producers"
"Gabon","2006",0.08418,"Other Producers"
"Gabon","2007",0.04326,"Other Producers"
"Gabon","2008",0.12402,"Other Producers"
"Gabon","2009",0.02958,"Other Producers"
"Gabon","2010",0.109938,"Other Producers"
"Gabon","2011",0.04692,"Other Producers"
"Gabon","2012",0.04506,"Other Producers"
"Gabon","2013",0.02298,"Other Producers"
"Gabon","2014",0.03102,"Other Producers"
"Gabon","2015",0.04446,"Other Producers"
"Gabon","2016",0.03,"Other Producers"
"Gabon","2017",0.015378,"Other Producers"
"Gabon","2018",0.03015,"Other Producers"
"Ghana","1990",2.2713,"Other Producers"
"Ghana","1991",4.57836,"Other Producers"
"Ghana","1992",2.19612,"Other Producers"
"Ghana","1993",2.72286,"Other Producers"
"Ghana","1994",3.43056,"Other Producers"
"Ghana","1995",3.39168,"Other Producers"
"Ghana","1996",1.9455,"Other Producers"
"Ghana","1997",1.6365,"Other Producers"
"Ghana","1998",3.26616,"Other Producers"
"Ghana","1999",5.334066,"Other Producers"
"Ghana","2000",4.58736,"Other Producers"
"Ghana","2001",0.4371,"Other Producers"
"Ghana","2002",2.017938,"Other Producers"
"Ghana","2003",1.088514,"Other Producers"
"Ghana","2004",1.086834,"Other Producers"
"Ghana","2005",0.742494,"Other Producers"
"Ghana","2006",1.212666,"Other Producers"
"Ghana","2007",2.079864,"Other Producers"
"Ghana","2008",1.584036,"Other Producers"
"Ghana","2009",1.11651,"Other Producers"
"Ghana","2010",4.169874,"Other Producers"
"Ghana","2011",1.80375,"Other Producers"
"Ghana","2012",1.253016,"Other Producers"
"Ghana","2013",1.504446,"Other Producers"
"Ghana","2014",2.123544,"Other Producers"
"Ghana","2015",2.139288,"Other Producers"
"Ghana","2016",1.566546,"Other Producers"
"Ghana","2017",0.778002,"Other Producers"
"Ghana","2018",0.895944,"Other Producers"
"Guatemala","1990",196.23174,"Other Producers"
"Guatemala","1991",209.79186,"Other Producers"
"Guatemala","1992",259.10898,"Other Producers"
"Guatemala","1993",212.13006,"Other Producers"
"Guatemala","1994",227.24016,"Other Producers"
"Guatemala","1995",240.09624,"Other Producers"
"Guatemala","1996",271.47336,"Other Producers"
"Guatemala","1997",253.16238,"Other Producers"
"Guatemala","1998",293.57784,"Other Producers"
"Guatemala","1999",307.207728,"Other Producers"
"Guatemala","2000",296.38518,"Other Producers"
"Guatemala","2001",220.1376,"Other Producers"
"Guatemala","2002",244.19718,"Other Producers"
"Guatemala","2003",216.59586,"Other Producers"
"Guatemala","2004",222.18156,"Other Producers"
"Guatemala","2005",220.531788,"Other Producers"
"Guatemala","2006",237.019818,"Other Producers"
"Guatemala","2007",245.980608,"Other Producers"
"Guatemala","2008",227.097948,"Other Producers"
"Guatemala","2009",230.087208,"Other Producers"
"Guatemala","2010",236.99601,"Other Producers"
"Guatemala","2011",231.023256,"Other Producers"
"Guatemala","2012",225.775986,"Other Producers"
"Guatemala","2013",191.362284,"Other Producers"
"Guatemala","2014",198.604554,"Other Producers"
"Guatemala","2015",204.58686,"Other Producers"
"Guatemala","2016",221.05254,"Other Producers"
"Guatemala","2017",224.023566,"Other Producers"
"Guatemala","2018",240.404058,"Other Producers"
"Guinea","1990",2.6676,"Other Producers"
"Guinea","1991",5.43132,"Other Producers"
"Guinea","1992",4.58046,"Other Producers"
"Guinea","1993",3.82836,"Other Producers"
"Guinea","1994",11.90142,"Other Producers"
"Guinea","1995",6.24984,"Other Producers"
"Guinea","1996",8.85828,"Other Producers"
"Guinea","1997",10.30266,"Other Producers"
"Guinea","1998",25.27596,"Other Producers"
"Guinea","1999",21.82242,"Other Producers"
"Guinea","2000",23.99952,"Other Producers"
"Guinea","2001",14.15874,"Other Producers"
"Guinea","2002",19.69374,"Other Producers"
"Guinea","2003",21.93174,"Other Producers"
"Guinea","2004",18.96696,"Other Producers"
"Guinea","2005",31.49304,"Other Producers"
"Guinea","2006",28.376862,"Other Producers"
"Guinea","2007",19.361364,"Other Producers"
"Guinea","2008",30.286914,"Other Producers"
"Guinea","2009",29.95479,"Other Producers"
"Guinea","2010",23.187654,"Other Producers"
"Guinea","2011",23.130636,"Other Producers"
"Guinea","2012",14.01327,"Other Producers"
"Guinea","2013",6.071412,"Other Producers"
"Guinea","2014",9.906462,"Other Producers"
"Guinea","2015",17.18673,"Other Producers"
"Guinea","2016",16.196556,"Other Producers"
"Guinea","2017",13.751214,"Other Producers"
"Guinea","2018",14.905422,"Other Producers"
"Guyana","1990",0,"Other Producers"
"Guyana","1991",0,"Other Producers"
"Guyana","1992",0,"Other Producers"
"Guyana","1993",0,"Other Producers"
"Guyana","1994",0,"Other Producers"
"Guyana","1995",0,"Other Producers"
"Guyana","1996",0,"Other Producers"
"Guyana","1997",0,"Other Producers"
"Guyana","1998",0.358866,"Other Producers"
"Guyana","1999",0.305256,"Other Producers"
"Guyana","2000",0.172308,"Other Producers"
"Guyana","2001",0.315378,"Other Producers"
"Guyana","2002",0.312078,"Other Producers"
"Guyana","2003",0.325512,"Other Producers"
"Guyana","2004",0.363366,"Other Producers"
"Guyana","2005",0.420864,"Other Producers"
"Guyana","2006",0.454776,"Other Producers"
"Guyana","2007",0.517044,"Other Producers"
"Guyana","2008",0.592332,"Other Producers"
"Guyana","2009",0.550602,"Other Producers"
"Guyana","2010",0.548598,"Other Producers"
"Guyana","2011",0.611304,"Other Producers"
"Guyana","2012",0.584298,"Other Producers"
"Guyana","2013",0.776472,"Other Producers"
"Guyana","2014",0.558042,"Other Producers"
"Guyana","2015",0.673386,"Other Producers"
"Guyana","2016",0.577956,"Other Producers"
"Guyana","2017",0.595698,"Other Producers"
"Guyana","2018",0.60369,"Other Producers"
"Honduras","1990",94.07748,"Other Producers"
"Honduras","1991",139.30848,"Other Producers"
"Honduras","1992",115.09254,"Other Producers"
"Honduras","1993",109.75074,"Other Producers"
"Honduras","1994",130.8438,"Other Producers"
"Honduras","1995",114.55428,"Other Producers"
"Honduras","1996",120.26328,"Other Producers"
"Honduras","1997",153.8643,"Other Producers"
"Honduras","1998",131.7087,"Other Producers"
"Honduras","1999",179.1003,"Other Producers"
"Honduras","2000",159.99948,"Other Producers"
"Honduras","2001",182.17512,"Other Producers"
"Honduras","2002",149.75316,"Other Producers"
"Honduras","2003",178.0719,"Other Producers"
"Honduras","2004",154.50864,"Other Producers"
"Honduras","2005",192.26166,"Other Producers"
"Honduras","2006",207.676896,"Other Producers"
"Honduras","2007",218.387574,"Other Producers"
"Honduras","2008",206.999232,"Other Producers"
"Honduras","2009",216.175014,"Other Producers"
"Honduras","2010",259.841124,"Other Producers"
"Honduras","2011",352.928124,"Other Producers"
"Honduras","2012",281.159748,"Other Producers"
"Honduras","2013",274.981476,"Other Producers"
"Honduras","2014",316.092966,"Other Producers"
"Honduras","2015",347.14656,"Other Producers"
"Honduras","2016",447.413856,"Other Producers"
"Honduras","2017",453.58608,"Other Producers"
"Honduras","2018",439.672818,"Other Producers"
"India","1990",169.72122,"Other Producers"
"India","1991",179.98494,"Other Producers"
"India","1992",169.40982,"Other Producers"
"India","1993",211.99086,"Other Producers"
"India","1994",180.09384,"Other Producers"
"India","1995",240.72156,"Other Producers"
"India","1996",205.02726,"Other Producers"
"India","1997",246.52536,"Other Producers"
"India","1998",265.00608,"Other Producers"
"India","1999",291.995352,"Other Producers"
"India","2000",301.185996,"Other Producers"
"India","2001",288.62478,"Other Producers"
"India","2002",275.27334,"Other Producers"
"India","2003",282.49632,"Other Producers"
"India","2004",275.460612,"Other Producers"
"India","2005",273.977388,"Other Producers"
"India","2006",270.004404,"Other Producers"
"India","2007",261.999564,"Other Producers"
"India","2008",244.29996,"Other Producers"
"India","2009",289.599126,"Other Producers"
"India","2010",335.998404,"Other Producers"
"India","2011",320.012484,"Other Producers"
"India","2012",324.206448,"Other Producers"
"India","2013",304.519872,"Other Producers"
"India","2014",326.99202,"Other Producers"
"India","2015",349.820286,"Other Producers"
"India","2016",369.656616,"Other Producers"
"India","2017",348.793428,"Other Producers"
"India","2018",318.14352,"Other Producers"
"Jamaica","1990",1.35444,"Other Producers"
"Jamaica","1991",2.33922,"Other Producers"
"Jamaica","1992",1.53498,"Other Producers"
"Jamaica","1993",2.05722,"Other Producers"
"Jamaica","1994",2.67588,"Other Producers"
"Jamaica","1995",2.58504,"Other Producers"
"Jamaica","1996",3.23184,"Other Producers"
"Jamaica","1997",2.8215,"Other Producers"
"Jamaica","1998",1.74498,"Other Producers"
"Jamaica","1999",2.27823,"Other Producers"
"Jamaica","2000",2.212644,"Other Producers"
"Jamaica","2001",1.8465,"Other Producers"
"Jamaica","2002",2.22738,"Other Producers"
"Jamaica","2003",2.246826,"Other Producers"
"Jamaica","2004",1.278396,"Other Producers"
"Jamaica","2005",2.056662,"Other Producers"
"Jamaica","2006",2.407176,"Other Producers"
"Jamaica","2007",1.210596,"Other Producers"
"Jamaica","2008",1.91349,"Other Producers"
"Jamaica","2009",1.505052,"Other Producers"
"Jamaica","2010",1.233288,"Other Producers"
"Jamaica","2011",1.440438,"Other Producers"
"Jamaica","2012",1.422954,"Other Producers"
"Jamaica","2013",1.189752,"Other Producers"
"Jamaica","2014",1.263072,"Other Producers"
"Jamaica","2015",1.200726,"Other Producers"
"Jamaica","2016",1.082682,"Other Producers"
"Jamaica","2017",1.143288,"Other Producers"
"Jamaica","2018",1.071258,"Other Producers"
"Kenya","1990",89.1081,"Other Producers"
"Kenya","1991",90.84282,"Other Producers"
"Kenya","1992",78.93288,"Other Producers"
"Kenya","1993",79.68672,"Other Producers"
"Kenya","1994",99.78786,"Other Producers"
"Kenya","1995",99.85404,"Other Producers"
"Kenya","1996",74.80518,"Other Producers"
"Kenya","1997",52.9179,"Other Producers"
"Kenya","1998",70.37292,"Other Producers"
"Kenya","1999",90.11346,"Other Producers"
"Kenya","2000",60.111846,"Other Producers"
"Kenya","2001",59.43186,"Other Producers"
"Kenya","2002",56.72412,"Other Producers"
"Kenya","2003",40.40532,"Other Producers"
"Kenya","2004",44.13498,"Other Producers"
"Kenya","2005",39.6081,"Other Producers"
"Kenya","2006",49.5648,"Other Producers"
"Kenya","2007",39.1263,"Other Producers"
"Kenya","2008",32.4645,"Other Producers"
"Kenya","2009",37.7844,"Other Producers"
"Kenya","2010",38.452416,"Other Producers"
"Kenya","2011",45.438918,"Other Producers"
"Kenya","2012",52.52673,"Other Producers"
"Kenya","2013",50.577006,"Other Producers"
"Kenya","2014",46.185774,"Other Producers"
"Kenya","2015",47.950026,"Other Producers"
"Kenya","2016",47.56605,"Other Producers"
"Kenya","2017",47.371008,"Other Producers"
"Kenya","2018",55.825176,"Other Producers"
"Lao People's Democratic Republic","1990",0,"Other Producers"
"Lao People's Democratic Republic","1991",0,"Other Producers"
"Lao People's Democratic Republic","1992",0,"Other Producers"
"Lao People's Democratic Republic","1993",0,"Other Producers"
"Lao People's Democratic Republic","1994",0,"Other Producers"
"Lao People's Democratic Republic","1995",0,"Other Producers"
"Lao People's Democratic Republic","1996",0,"Other Producers"
"Lao People's Democratic Republic","1997",0,"Other Producers"
"Lao People's Democratic Republic","1998",10.28544,"Other Producers"
"Lao People's Democratic Republic","1999",14.32632,"Other Producers"
"Lao People's Democratic Republic","2000",12.7311,"Other Producers"
"Lao People's Democratic Republic","2001",15.488712,"Other Producers"
"Lao People's Democratic Republic","2002",24.120258,"Other Producers"
"Lao People's Democratic Republic","2003",21.68775,"Other Producers"
"Lao People's Democratic Republic","2004",22.766502,"Other Producers"
"Lao People's Democratic Republic","2005",16.77876,"Other Producers"
"Lao People's Democratic Republic","2006",23.465916,"Other Producers"
"Lao People's Democratic Republic","2007",23.58738,"Other Producers"
"Lao People's Democratic Republic","2008",24.336624,"Other Producers"
"Lao People's Democratic Republic","2009",26.032134,"Other Producers"
"Lao People's Democratic Republic","2010",32.661696,"Other Producers"
"Lao People's Democratic Republic","2011",30.840006,"Other Producers"
"Lao People's Democratic Republic","2012",32.430138,"Other Producers"
"Lao People's Democratic Republic","2013",32.665032,"Other Producers"
"Lao People's Democratic Republic","2014",33.149544,"Other Producers"
"Lao People's Democratic Republic","2015",32.109522,"Other Producers"
"Lao People's Democratic Republic","2016",30.619548,"Other Producers"
"Lao People's Democratic Republic","2017",32.002182,"Other Producers"
"Lao People's Democratic Republic","2018",30.197448,"Other Producers"
"Liberia","1990",0.18,"Other Producers"
"Liberia","1991",0.18,"Other Producers"
"Liberia","1992",0.18,"Other Producers"
"Liberia","1993",0.3,"Other Producers"
"Liberia","1994",0.3,"Other Producers"
"Liberia","1995",0.3,"Other Producers"
"Liberia","1996",0.3,"Other Producers"
"Liberia","1997",0.3,"Other Producers"
"Liberia","1998",1.06674,"Other Producers"
"Liberia","1999",0.72978,"Other Producers"
"Liberia","2000",0.7383,"Other Producers"
"Liberia","2001",0.70998,"Other Producers"
"Liberia","2002",0.74892,"Other Producers"
"Liberia","2003",0.3048,"Other Producers"
"Liberia","2004",0.3468,"Other Producers"
"Liberia","2005",0.32166,"Other Producers"
"Liberia","2006",0.403656,"Other Producers"
"Liberia","2007",0.411066,"Other Producers"
"Liberia","2008",0.744702,"Other Producers"
"Liberia","2009",0.76152,"Other Producers"
"Liberia","2010",0.626316,"Other Producers"
"Liberia","2011",0.614124,"Other Producers"
"Liberia","2012",0.607278,"Other Producers"
"Liberia","2013",0.35634,"Other Producers"
"Liberia","2014",0.424398,"Other Producers"
"Liberia","2015",0.602802,"Other Producers"
"Liberia","2016",0.725202,"Other Producers"
"Liberia","2017",0.9783,"Other Producers"
"Liberia","2018",0.438198,"Other Producers"
"Mexico","1990",280.4547,"Other Producers"
"Mexico","1991",283.63236,"Other Producers"
"Mexico","1992",204.04866,"Other Producers"
"Mexico","1993",301.40928,"Other Producers"
"Mexico","1994",249.52662,"Other Producers"
"Mexico","1995",317.99328,"Other Producers"
"Mexico","1996",306.57306,"Other Producers"
"Mexico","1997",288.09366,"Other Producers"
"Mexico","1998",288.08088,"Other Producers"
"Mexico","1999",373.12059,"Other Producers"
"Mexico","2000",288.898734,"Other Producers"
"Mexico","2001",266.30424,"Other Producers"
"Mexico","2002",261.08556,"Other Producers"
"Mexico","2003",252.061158,"Other Producers"
"Mexico","2004",232.040844,"Other Producers"
"Mexico","2005",253.479822,"Other Producers"
"Mexico","2006",252.020286,"Other Producers"
"Mexico","2007",249.019098,"Other Producers"
"Mexico","2008",279.038952,"Other Producers"
"Mexico","2009",246.517458,"Other Producers"
"Mexico","2010",240.085914,"Other Producers"
"Mexico","2011",273.663468,"Other Producers"
"Mexico","2012",259.616532,"Other Producers"
"Mexico","2013",234.988596,"Other Producers"
"Mexico","2014",218.184042,"Other Producers"
"Mexico","2015",166.322358,"Other Producers"
"Mexico","2016",218.117694,"Other Producers"
"Mexico","2017",269.074884,"Other Producers"
"Mexico","2018",261.042072,"Other Producers"
"Nepal","1990",0,"Other Producers"
"Nepal","1991",0,"Other Producers"
"Nepal","1992",0,"Other Producers"
"Nepal","1993",0,"Other Producers"
"Nepal","1994",0,"Other Producers"
"Nepal","1995",0,"Other Producers"
"Nepal","1996",0,"Other Producers"
"Nepal","1997",0,"Other Producers"
"Nepal","1998",0,"Other Producers"
"Nepal","1999",0,"Other Producers"
"Nepal","2000",0,"Other Producers"
"Nepal","2001",0,"Other Producers"
"Nepal","2002",0,"Other Producers"
"Nepal","2003",0.054,"Other Producers"
"Nepal","2004",0.057,"Other Producers"
"Nepal","2005",0.078,"Other Producers"
"Nepal","2006",0.135,"Other Producers"
"Nepal","2007",0.075444,"Other Producers"
"Nepal","2008",0.087744,"Other Producers"
"Nepal","2009",0.066498,"Other Producers"
"Nepal","2010",0.18495,"Other Producers"
"Nepal","2011",0.120666,"Other Producers"
"Nepal","2012",0.072438,"Other Producers"
"Nepal","2013",0.054324,"Other Producers"
"Nepal","2014",0.128268,"Other Producers"
"Nepal","2015",0.100578,"Other Producers"
"Nepal","2016",0.085968,"Other Producers"
"Nepal","2017",0.147162,"Other Producers"
"Nepal","2018",0.041472,"Other Producers"
"Nicaragua","1990",27.66468,"Other Producers"
"Nicaragua","1991",42.42402,"Other Producers"
"Nicaragua","1992",32.83764,"Other Producers"
"Nicaragua","1993",42.3678,"Other Producers"
"Nicaragua","1994",40.97814,"Other Producers"
"Nicaragua","1995",59.08056,"Other Producers"
"Nicaragua","1996",47.5983,"Other Producers"
"Nicaragua","1997",65.01138,"Other Producers"
"Nicaragua","1998",64.3848,"Other Producers"
"Nicaragua","1999",93.243288,"Other Producers"
"Nicaragua","2000",94.345956,"Other Producers"
"Nicaragua","2001",64.72512,"Other Producers"
"Nicaragua","2002",70.20102,"Other Producers"
"Nicaragua","2003",90.54588,"Other Producers"
"Nicaragua","2004",64.08462,"Other Producers"
"Nicaragua","2005",85.90869,"Other Producers"
"Nicaragua","2006",85.675572,"Other Producers"
"Nicaragua","2007",114.340284,"Other Producers"
"Nicaragua","2008",86.684052,"Other Producers"
"Nicaragua","2009",112.267236,"Other Producers"
"Nicaragua","2010",98.269296,"Other Producers"
"Nicaragua","2011",131.60526,"Other Producers"
"Nicaragua","2012",112.408494,"Other Producers"
"Nicaragua","2013",123.591768,"Other Producers"
"Nicaragua","2014",113.860968,"Other Producers"
"Nicaragua","2015",127.825326,"Other Producers"
"Nicaragua","2016",153.317886,"Other Producers"
"Nicaragua","2017",157.037124,"Other Producers"
"Nicaragua","2018",150.61677,"Other Producers"
"Nigeria","1990",1.7514,"Other Producers"
"Nigeria","1991",2.65878,"Other Producers"
"Nigeria","1992",2.93292,"Other Producers"
"Nigeria","1993",2.71914,"Other Producers"
"Nigeria","1994",3.09786,"Other Producers"
"Nigeria","1995",3.18228,"Other Producers"
"Nigeria","1996",2.7585,"Other Producers"
"Nigeria","1997",2.68002,"Other Producers"
"Nigeria","1998",3.2043,"Other Producers"
"Nigeria","1999",2.70402,"Other Producers"
"Nigeria","2000",2.96586,"Other Producers"
"Nigeria","2001",2.64018,"Other Producers"
"Nigeria","2002",2.9889,"Other Producers"
"Nigeria","2003",2.769024,"Other Producers"
"Nigeria","2004",2.708274,"Other Producers"
"Nigeria","2005",4.114308,"Other Producers"
"Nigeria","2006",3.044106,"Other Producers"
"Nigeria","2007",2.529948,"Other Producers"
"Nigeria","2008",3.000288,"Other Producers"
"Nigeria","2009",2.056122,"Other Producers"
"Nigeria","2010",2.523318,"Other Producers"
"Nigeria","2011",2.812776,"Other Producers"
"Nigeria","2012",2.445822,"Other Producers"
"Nigeria","2013",2.451492,"Other Producers"
"Nigeria","2014",2.567892,"Other Producers"
"Nigeria","2015",2.476692,"Other Producers"
"Nigeria","2016",2.599092,"Other Producers"
"Nigeria","2017",2.537286,"Other Producers"
"Nigeria","2018",2.497248,"Other Producers"
"Panama","1990",12.89922,"Other Producers"
"Panama","1991",11.55192,"Other Producers"
"Panama","1992",11.81868,"Other Producers"
"Panama","1993",8.52396,"Other Producers"
"Panama","1994",14.89878,"Other Producers"
"Panama","1995",12.56688,"Other Producers"
"Panama","1996",12.64452,"Other Producers"
"Panama","1997",13.04814,"Other Producers"
"Panama","1998",11.51976,"Other Producers"
"Panama","1999",9.98286,"Other Producers"
"Panama","2000",10.21356,"Other Producers"
"Panama","2001",9.59634,"Other Producers"
"Panama","2002",8.39772,"Other Producers"
"Panama","2003",10.32372,"Other Producers"
"Panama","2004",5.423352,"Other Producers"
"Panama","2005",10.579842,"Other Producers"
"Panama","2006",10.38609,"Other Producers"
"Panama","2007",10.563318,"Other Producers"
"Panama","2008",8.949654,"Other Producers"
"Panama","2009",8.264358,"Other Producers"
"Panama","2010",6.830994,"Other Producers"
"Panama","2011",6.337884,"Other Producers"
"Panama","2012",6.931188,"Other Producers"
"Panama","2013",6.80811,"Other Producers"
"Panama","2014",6.373014,"Other Producers"
"Panama","2015",7.624704,"Other Producers"
"Panama","2016",7.211412,"Other Producers"
"Panama","2017",6.273726,"Other Producers"
"Panama","2018",7.818126,"Other Producers"
"Sierra Leone","1990",2.56698,"Other Producers"
"Sierra Leone","1991",3.26274,"Other Producers"
"Sierra Leone","1992",2.34504,"Other Producers"
"Sierra Leone","1993",2.24706,"Other Producers"
"Sierra Leone","1994",4.36428,"Other Producers"
"Sierra Leone","1995",2.62608,"Other Producers"
"Sierra Leone","1996",2.4546,"Other Producers"
"Sierra Leone","1997",2.98074,"Other Producers"
"Sierra Leone","1998",1.61292,"Other Producers"
"Sierra Leone","1999",3.5412,"Other Producers"
"Sierra Leone","2000",2.9493,"Other Producers"
"Sierra Leone","2001",4.752,"Other Producers"
"Sierra Leone","2002",2.503734,"Other Producers"
"Sierra Leone","2003",2.130978,"Other Producers"
"Sierra Leone","2004",0.87153,"Other Producers"
"Sierra Leone","2005",3.597972,"Other Producers"
"Sierra Leone","2006",1.88832,"Other Producers"
"Sierra Leone","2007",2.400066,"Other Producers"
"Sierra Leone","2008",5.177136,"Other Producers"
"Sierra Leone","2009",5.442102,"Other Producers"
"Sierra Leone","2010",1.974876,"Other Producers"
"Sierra Leone","2011",4.697874,"Other Producers"
"Sierra Leone","2012",3.670998,"Other Producers"
"Sierra Leone","2013",1.904076,"Other Producers"
"Sierra Leone","2014",2.786868,"Other Producers"
"Sierra Leone","2015",2.755656,"Other Producers"
"Sierra Leone","2016",2.275302,"Other Producers"
"Sierra Leone","2017",2.276784,"Other Producers"
"Sierra Leone","2018",1.859406,"Other Producers"
"Sri Lanka","1990",5.7522,"Other Producers"
"Sri Lanka","1991",4.89294,"Other Producers"
"Sri Lanka","1992",3.19086,"Other Producers"
"Sri Lanka","1993",3.2274,"Other Producers"
"Sri Lanka","1994",2.54688,"Other Producers"
"Sri Lanka","1995",2.1357,"Other Producers"
"Sri Lanka","1996",2.21994,"Other Producers"
"Sri Lanka","1997",3.45504,"Other Producers"
"Sri Lanka","1998",2.74428,"Other Producers"
"Sri Lanka","1999",1.90296,"Other Producers"
"Sri Lanka","2000",1.9968,"Other Producers"
"Sri Lanka","2001",1.89186,"Other Producers"
"Sri Lanka","2002",2.062842,"Other Producers"
"Sri Lanka","2003",2.213652,"Other Producers"
"Sri Lanka","2004",1.898622,"Other Producers"
"Sri Lanka","2005",2.096592,"Other Producers"
"Sri Lanka","2006",1.9725,"Other Producers"
"Sri Lanka","2007",2.009436,"Other Producers"
"Sri Lanka","2008",1.851864,"Other Producers"
"Sri Lanka","2009",1.890192,"Other Producers"
"Sri Lanka","2010",2.225262,"Other Producers"
"Sri Lanka","2011",2.141958,"Other Producers"
"Sri Lanka","2012",2.114904,"Other Producers"
"Sri Lanka","2013",2.22495,"Other Producers"
"Sri Lanka","2014",2.142108,"Other Producers"
"Sri Lanka","2015",2.171598,"Other Producers"
"Sri Lanka","2016",2.202966,"Other Producers"
"Sri Lanka","2017",2.206974,"Other Producers"
"Sri Lanka","2018",2.163954,"Other Producers"
"Thailand","1990",45.42102,"Other Producers"
"Thailand","1991",88.13616,"Other Producers"
"Thailand","1992",75.2967,"Other Producers"
"Thailand","1993",76.51206,"Other Producers"
"Thailand","1994",83.9481,"Other Producers"
"Thailand","1995",79.03356,"Other Producers"
"Thailand","1996",84.21486,"Other Producers"
"Thailand","1997",77.58456,"Other Producers"
"Thailand","1998",54.95916,"Other Producers"
"Thailand","1999",76.370268,"Other Producers"
"Thailand","2000",101.534052,"Other Producers"
"Thailand","2001",42.87,"Other Producers"
"Thailand","2002",43.914,"Other Producers"
"Thailand","2003",49.59402,"Other Producers"
"Thailand","2004",53.06298,"Other Producers"
"Thailand","2005",63.837906,"Other Producers"
"Thailand","2006",49.348134,"Other Producers"
"Thailand","2007",39.025248,"Other Producers"
"Thailand","2008",40.473756,"Other Producers"
"Thailand","2009",47.68779,"Other Producers"
"Thailand","2010",49.690404,"Other Producers"
"Thailand","2011",49.87653,"Other Producers"
"Thailand","2012",36.485676,"Other Producers"
"Thailand","2013",38.280228,"Other Producers"
"Thailand","2014",50.693226,"Other Producers"
"Thailand","2015",45.718848,"Other Producers"
"Thailand","2016",32.25261,"Other Producers"
"Thailand","2017",38.29395,"Other Producers"
"Thailand","2018",28.920414,"Other Producers"
"Togo","1990",9.67848,"Other Producers"
"Togo","1991",25.95912,"Other Producers"
"Togo","1992",5.13888,"Other Producers"
"Togo","1993",11.69634,"Other Producers"
"Togo","1994",10.57776,"Other Producers"
"Togo","1995",5.06406,"Other Producers"
"Togo","1996",17.43516,"Other Producers"
"Togo","1997",13.26468,"Other Producers"
"Togo","1998",19.28916,"Other Producers"
"Togo","1999",15.76848,"Other Producers"
"Togo","2000",11.84406,"Other Producers"
"Togo","2001",6.72108,"Other Producers"
"Togo","2002",4.0923,"Other Producers"
"Togo","2003",8.62752,"Other Producers"
"Togo","2004",9.93132,"Other Producers"
"Togo","2005",8.404554,"Other Producers"
"Togo","2006",8.037,"Other Producers"
"Togo","2007",7.50786,"Other Producers"
"Togo","2008",8.265186,"Other Producers"
"Togo","2009",12.112986,"Other Producers"
"Togo","2010",9.617472,"Other Producers"
"Togo","2011",9.60282,"Other Producers"
"Togo","2012",5.043534,"Other Producers"
"Togo","2013",10.290354,"Other Producers"
"Togo","2014",8.594502,"Other Producers"
"Togo","2015",4.855392,"Other Producers"
"Togo","2016",1.396632,"Other Producers"
"Togo","2017",6.882948,"Other Producers"
"Togo","2018",4.459914,"Other Producers"
"Trinidad & Tobago","1990",0.87486,"Other Producers"
"Trinidad & Tobago","1991",1.06752,"Other Producers"
"Trinidad & Tobago","1992",0.85968,"Other Producers"
"Trinidad & Tobago","1993",0.96474,"Other Producers"
"Trinidad & Tobago","1994",1.1061,"Other Producers"
"Trinidad & Tobago","1995",1.05774,"Other Producers"
"Trinidad & Tobago","1996",1.09128,"Other Producers"
"Trinidad & Tobago","1997",1.16352,"Other Producers"
"Trinidad & Tobago","1998",1.02108,"Other Producers"
"Trinidad & Tobago","1999",1.0134,"Other Producers"
"Trinidad & Tobago","2000",0.98358,"Other Producers"
"Trinidad & Tobago","2001",0.9699,"Other Producers"
"Trinidad & Tobago","2002",0.993144,"Other Producers"
"Trinidad & Tobago","2003",0.965802,"Other Producers"
"Trinidad & Tobago","2004",0.90741,"Other Producers"
"Trinidad & Tobago","2005",0.891744,"Other Producers"
"Trinidad & Tobago","2006",0.701886,"Other Producers"
"Trinidad & Tobago","2007",0.728094,"Other Producers"
"Trinidad & Tobago","2008",0.685164,"Other Producers"
"Trinidad & Tobago","2009",0.684414,"Other Producers"
"Trinidad & Tobago","2010",0.621522,"Other Producers"
"Trinidad & Tobago","2011",0.669462,"Other Producers"
"Trinidad & Tobago","2012",0.733632,"Other Producers"
"Trinidad & Tobago","2013",0.733452,"Other Producers"
"Trinidad & Tobago","2014",0.720078,"Other Producers"
"Trinidad & Tobago","2015",0.707382,"Other Producers"
"Trinidad & Tobago","2016",0.707466,"Other Producers"
"Trinidad & Tobago","2017",0.720054,"Other Producers"
"Trinidad & Tobago","2018",0.741882,"Other Producers"
"Uganda","1990",117.30054,"Other Producers"
"Uganda","1991",125.28006,"Other Producers"
"Uganda","1992",131.10444,"Other Producers"
"Uganda","1993",188.50236,"Other Producers"
"Uganda","1994",143.56518,"Other Producers"
"Uganda","1995",194.61504,"Other Producers"
"Uganda","1996",205.12344,"Other Producers"
"Uganda","1997",206.39208,"Other Producers"
"Uganda","1998",203.15034,"Other Producers"
"Uganda","1999",171.74682,"Other Producers"
"Uganda","2000",204.04098,"Other Producers"
"Uganda","2001",189.46662,"Other Producers"
"Uganda","2002",173.40348,"Other Producers"
"Uganda","2003",155.91192,"Other Producers"
"Uganda","2004",156.75714,"Other Producers"
"Uganda","2005",130.51206,"Other Producers"
"Uganda","2006",173.6496,"Other Producers"
"Uganda","2007",209.37888,"Other Producers"
"Uganda","2008",200.11002,"Other Producers"
"Uganda","2009",173.63256,"Other Producers"
"Uganda","2010",196.03392,"Other Producers"
"Uganda","2011",186.90378,"Other Producers"
"Uganda","2012",234.81012,"Other Producers"
"Uganda","2013",217.97202,"Other Producers"
"Uganda","2014",224.66862,"Other Producers"
"Uganda","2015",218.97402,"Other Producers"
"Uganda","2016",297.72948,"Other Producers"
"Uganda","2017",275.80878,"Other Producers"
"Uganda","2018",282.23784,"Other Producers"
"Venezuela","1990",67.34862,"Other Producers"
"Venezuela","1991",56.44224,"Other Producers"
"Venezuela","1992",72.91788,"Other Producers"
"Venezuela","1993",79.97286,"Other Producers"
"Venezuela","1994",59.33976,"Other Producers"
"Venezuela","1995",87.99324,"Other Producers"
"Venezuela","1996",72.36972,"Other Producers"
"Venezuela","1997",57.0771,"Other Producers"
"Venezuela","1998",95.83674,"Other Producers"
"Venezuela","1999",82.0101,"Other Producers"
"Venezuela","2000",86.99544,"Other Producers"
"Venezuela","2001",75.87678,"Other Producers"
"Venezuela","2002",89.015376,"Other Producers"
"Venezuela","2003",85.231482,"Other Producers"
"Venezuela","2004",79.592016,"Other Producers"
"Venezuela","2005",90.378054,"Other Producers"
"Venezuela","2006",94.253766,"Other Producers"
"Venezuela","2007",91.22703,"Other Producers"
"Venezuela","2008",55.945314,"Other Producers"
"Venezuela","2009",72.822366,"Other Producers"
"Venezuela","2010",72.128028,"Other Producers"
"Venezuela","2011",54.124302,"Other Producers"
"Venezuela","2012",57.145206,"Other Producers"
"Venezuela","2013",48.226128,"Other Producers"
"Venezuela","2014",39.023898,"Other Producers"
"Venezuela","2015",30.007554,"Other Producers"
"Venezuela","2016",31.5,"Other Producers"
"Venezuela","2017",34.290768,"Other Producers"
"Venezuela","2018",31.515612,"Other Producers"
"Viet Nam","1990",78.61728,"Other Producers"
"Viet Nam","1991",86.27088,"Other Producers"
"Viet Nam","1992",140.42682,"Other Producers"
"Viet Nam","1993",181.21296,"Other Producers"
"Viet Nam","1994",217.89654,"Other Producers"
"Viet Nam","1995",238.20516,"Other Producers"
"Viet Nam","1996",345.14886,"Other Producers"
"Viet Nam","1997",418.73652,"Other Producers"
"Viet Nam","1998",423.10332,"Other Producers"
"Viet Nam","1999",697.854828,"Other Producers"
"Viet Nam","2000",890.47854,"Other Producers"
"Viet Nam","2001",785.59464,"Other Producers"
"Viet Nam","2002",694.4361,"Other Producers"
"Viet Nam","2003",920.24112,"Other Producers"
"Viet Nam","2004",862.22718,"Other Producers"
"Viet Nam","2005",830.510178,"Other Producers"
"Viet Nam","2006",1160.385006,"Other Producers"
"Viet Nam","2007",984.305928,"Other Producers"
"Viet Nam","2008",1106.287206,"Other Producers"
"Viet Nam","2009",1069.520718,"Other Producers"
"Viet Nam","2010",1199.999994,"Other Producers"
"Viet Nam","2011",1589.976666,"Other Producers"
"Viet Nam","2012",1404.126342,"Other Producers"
"Viet Nam","2013",1656.586884,"Other Producers"
"Viet Nam","2014",1589.990424,"Other Producers"
"Viet Nam","2015",1724.195646,"Other Producers"
"Viet Nam","2016",1532.417592,"Other Producers"
"Viet Nam","2017",1673.25933,"Other Producers"
"Viet Nam","2018",1870.444452,"Other Producers"
"Yemen","1990",0,"Other Producers"
"Yemen","1991",0,"Other Producers"
"Yemen","1992",0,"Other Producers"
"Yemen","1993",0,"Other Producers"
"Yemen","1994",0,"Other Producers"
"Yemen","1995",0,"Other Producers"
"Yemen","1996",0,"Other Producers"
"Yemen","1997",0,"Other Producers"
"Yemen","1998",4.122042,"Other Producers"
"Yemen","1999",3.63474,"Other Producers"
"Yemen","2000",3.83616,"Other Producers"
"Yemen","2001",3.73311,"Other Producers"
"Yemen","2002",3.404676,"Other Producers"
"Yemen","2003",11.598162,"Other Producers"
"Yemen","2004",12.333534,"Other Producers"
"Yemen","2005",12.190848,"Other Producers"
"Yemen","2006",12.43404,"Other Producers"
"Yemen","2007",11.877222,"Other Producers"
"Yemen","2008",13.187808,"Other Producers"
"Yemen","2009",8.110896,"Other Producers"
"Yemen","2010",9.67005,"Other Producers"
"Yemen","2011",11.104062,"Other Producers"
"Yemen","2012",11.251506,"Other Producers"
"Yemen","2013",11.237886,"Other Producers"
"Yemen","2014",10.702884,"Other Producers"
"Yemen","2015",9.37476,"Other Producers"
"Yemen","2016",8.607198,"Other Producers"
"Yemen","2017",7.927686,"Other Producers"
"Yemen","2018",6.36441,"Other Producers"
